{
  "config": {
    "configFile": "C:\\Users\\Brian\\Desktop\\mental-scribe-app\\playwright.config.ts",
    "rootDir": "C:/Users/Brian/Desktop/mental-scribe-app/test/e2e",
    "forbidOnly": false,
    "fullyParallel": false,
    "globalSetup": null,
    "globalTeardown": null,
    "globalTimeout": 0,
    "grep": {},
    "grepInvert": null,
    "maxFailures": 0,
    "metadata": {
      "actualWorkers": 1
    },
    "preserveOutput": "always",
    "reporter": [
      [
        "list",
        null
      ],
      [
        "json",
        {
          "outputFile": "security/artifacts/playwright.json"
        }
      ]
    ],
    "reportSlowTests": {
      "max": 5,
      "threshold": 300000
    },
    "quiet": false,
    "projects": [
      {
        "outputDir": "C:/Users/Brian/Desktop/mental-scribe-app/test-results",
        "repeatEach": 1,
        "retries": 0,
        "metadata": {
          "actualWorkers": 1
        },
        "id": "chromium",
        "name": "chromium",
        "testDir": "C:/Users/Brian/Desktop/mental-scribe-app/test/e2e",
        "testIgnore": [],
        "testMatch": [
          "**/*.@(spec|test).?(c|m)[jt]s?(x)"
        ],
        "timeout": 60000
      }
    ],
    "shard": null,
    "updateSnapshots": "missing",
    "updateSourceMethod": "patch",
    "version": "1.56.1",
    "workers": 12,
    "webServer": null
  },
  "suites": [
    {
      "title": "smoke.spec.ts",
      "file": "smoke.spec.ts",
      "column": 0,
      "line": 0,
      "specs": [
        {
          "title": "home loads",
          "ok": true,
          "tags": [],
          "tests": [
            {
              "timeout": 60000,
              "annotations": [],
              "expectedStatus": "passed",
              "projectId": "chromium",
              "projectName": "chromium",
              "results": [
                {
                  "workerIndex": 0,
                  "parallelIndex": 0,
                  "status": "passed",
                  "duration": 916,
                  "errors": [],
                  "stdout": [],
                  "stderr": [],
                  "retry": 0,
                  "startTime": "2025-10-19T19:56:31.076Z",
                  "annotations": [],
                  "attachments": []
                }
              ],
              "status": "expected"
            }
          ],
          "id": "4219922fea2e2bd3c691-2071930fcf3d863b0c93",
          "file": "smoke.spec.ts",
          "line": 3,
          "column": 1
        }
      ]
    }
  ],
  "errors": [],
  "stats": {
    "startTime": "2025-10-19T19:56:30.248Z",
    "duration": 1890.8419999999996,
    "expected": 1,
    "skipped": 0,
    "unexpected": 0,
    "flaky": 0
  }
}