{
  "config": {
    "configFile": "C:\\Users\\Brian\\Desktop\\mental-scribe-app\\playwright.config.ts",
    "rootDir": "C:/Users/Brian/Desktop/mental-scribe-app/test/e2e",
    "forbidOnly": false,
    "fullyParallel": false,
    "globalSetup": null,
    "globalTeardown": null,
    "globalTimeout": 0,
    "grep": {},
    "grepInvert": null,
    "maxFailures": 0,
    "metadata": {},
    "preserveOutput": "always",
    "reporter": [
      [
        "json"
      ]
    ],
    "reportSlowTests": {
      "max": 5,
      "threshold": 300000
    },
    "quiet": false,
    "projects": [
      {
        "outputDir": "C:/Users/Brian/Desktop/mental-scribe-app/test-results",
        "repeatEach": 1,
        "retries": 0,
        "metadata": {},
        "id": "chromium",
        "name": "chromium",
        "testDir": "C:/Users/Brian/Desktop/mental-scribe-app/test/e2e",
        "testIgnore": [],
        "testMatch": [
          "**/*.@(spec|test).?(c|m)[jt]s?(x)"
        ],
        "timeout": 60000
      }
    ],
    "shard": null,
    "updateSnapshots": "missing",
    "updateSourceMethod": "patch",
    "version": "1.56.1",
    "workers": 12,
    "webServer": null
  },
  "suites": [],
  "errors": [
    {
      "message": "Error: No tests found",
      "stack": "Error: No tests found"
    }
  ],
  "stats": {
    "startTime": "2025-10-19T16:28:59.944Z",
    "duration": 34.669000000000096,
    "expected": 0,
    "skipped": 0,
    "unexpected": 0,
    "flaky": 0
  }
}
